AgtId,country_entity
2232,Afghanistan
2242,Afghanistan
1739,Afghanistan
1923,Afghanistan
864,Afghanistan
848,Afghanistan
849,Afghanistan
709,Afghanistan
708,Afghanistan
707,Afghanistan
706,Afghanistan
847,Afghanistan
705,Afghanistan
1069,Afghanistan
1061,Afghanistan
1054,Afghanistan
909,Afghanistan
908,Afghanistan
272,Afghanistan
553,Afghanistan
409,Afghanistan
482,Afghanistan
1070,Afghanistan
2271,Afghanistan
2272,Afghanistan
1595,Algeria
1738,Algeria
1737,Algeria
1255,Algeria
1044,Algeria
484,Algeria
978,Angola
305,Angola
299,Angola
300,Angola
301,Angola
1,Angola
439,Angola
1318,Angola
207,Angola
1316,Angola
1319,Angola
1317,Angola
668,Angola
349,Angola
789,Angola
1336,Angola
1062,Angola
423,Argentina
431,Argentina
2454,Armenia
2468,Armenia
2396,Armenia
2455,Armenia
2324,Armenia
2321,Armenia
2322,Armenia
1926,Armenia
1687,Armenia
1686,Armenia
1684,Armenia
1733,Armenia
990,Armenia
310,Armenia
1732,Armenia
1731,Armenia
1730,Armenia
1729,Armenia
1728,Armenia
1727,Armenia
1726,Armenia
1725,Armenia
1724,Armenia
1723,Armenia
1722,Armenia
1721,Armenia
1683,Armenia
1925,Armenia
1685,Armenia
823,Armenia
611,Armenia
1412,Bahrain
1415,Bahrain
1414,Bahrain
1413,Bahrain
1437,Bahrain
238,Bangladesh
2447,Bosnia and Herzegovina
384,Bosnia and Herzegovina
1212,Bosnia and Herzegovina
276,Bosnia and Herzegovina
1210,Bosnia and Herzegovina
1209,Bosnia and Herzegovina
1207,Bosnia and Herzegovina
1903,Bosnia and Herzegovina
311,Bosnia and Herzegovina
1206,Bosnia and Herzegovina
1205,Bosnia and Herzegovina
1204,Bosnia and Herzegovina
1203,Bosnia and Herzegovina
1320,Bosnia and Herzegovina
1030,Bosnia and Herzegovina
389,Bosnia and Herzegovina
1289,Bosnia and Herzegovina
2,Bosnia and Herzegovina
1201,Bosnia and Herzegovina
1645,Bosnia and Herzegovina
322,Bosnia and Herzegovina
78,Bosnia and Herzegovina
77,Bosnia and Herzegovina
1644,Bosnia and Herzegovina
1214,Bosnia and Herzegovina
1643,Bosnia and Herzegovina
1642,Bosnia and Herzegovina
1874,Bosnia and Herzegovina
1641,Bosnia and Herzegovina
1654,Bosnia and Herzegovina
1640,Bosnia and Herzegovina
1639,Bosnia and Herzegovina
1213,Bosnia and Herzegovina
915,Bosnia and Herzegovina
916,Bosnia and Herzegovina
1504,Bosnia and Herzegovina
1503,Bosnia and Herzegovina
1501,Bosnia and Herzegovina
1226,Bosnia and Herzegovina
1500,Bosnia and Herzegovina
1637,Bosnia and Herzegovina
1873,Bosnia and Herzegovina
1499,Bosnia and Herzegovina
1198,Bosnia and Herzegovina
1636,Bosnia and Herzegovina
1878,Bosnia and Herzegovina
1850,Bosnia and Herzegovina
608,Bosnia and Herzegovina
1179,Bosnia and Herzegovina
1633,Bosnia and Herzegovina
1497,Bosnia and Herzegovina
1931,Bosnia and Herzegovina
1632,Bosnia and Herzegovina
1872,Bosnia and Herzegovina
1930,Bosnia and Herzegovina
1598,Bosnia and Herzegovina
1298,Bosnia and Herzegovina
1849,Bosnia and Herzegovina
1871,Bosnia and Herzegovina
1494,Bosnia and Herzegovina
1202,Bosnia and Herzegovina
1493,Bosnia and Herzegovina
1297,Bosnia and Herzegovina
1569,Bosnia and Herzegovina
472,Bosnia and Herzegovina
1630,Bosnia and Herzegovina
1490,Bosnia and Herzegovina
1486,Bosnia and Herzegovina
1485,Bosnia and Herzegovina
1628,Bosnia and Herzegovina
1870,Bosnia and Herzegovina
1177,Bosnia and Herzegovina
1627,Bosnia and Herzegovina
1626,Bosnia and Herzegovina
1625,Bosnia and Herzegovina
1172,Bosnia and Herzegovina
1847,Bosnia and Herzegovina
1624,Bosnia and Herzegovina
1623,Bosnia and Herzegovina
1484,Bosnia and Herzegovina
1622,Bosnia and Herzegovina
1483,Bosnia and Herzegovina
606,Bosnia and Herzegovina
1621,Bosnia and Herzegovina
1482,Bosnia and Herzegovina
1877,Bosnia and Herzegovina
1620,Bosnia and Herzegovina
1027,Bosnia and Herzegovina
1869,Bosnia and Herzegovina
1619,Bosnia and Herzegovina
1876,Bosnia and Herzegovina
1182,Bosnia and Herzegovina
1848,Bosnia and Herzegovina
1618,Bosnia and Herzegovina
1617,Bosnia and Herzegovina
1616,Bosnia and Herzegovina
1615,Bosnia and Herzegovina
1928,Bosnia and Herzegovina
1846,Bosnia and Herzegovina
1613,Bosnia and Herzegovina
1611,Bosnia and Herzegovina
1612,Bosnia and Herzegovina
1479,Bosnia and Herzegovina
1867,Bosnia and Herzegovina
1610,Bosnia and Herzegovina
1609,Bosnia and Herzegovina
1567,Bosnia and Herzegovina
1171,Bosnia and Herzegovina
1166,Bosnia and Herzegovina
1165,Bosnia and Herzegovina
1167,Bosnia and Herzegovina
1169,Bosnia and Herzegovina
1170,Bosnia and Herzegovina
1164,Bosnia and Herzegovina
1608,Bosnia and Herzegovina
1478,Bosnia and Herzegovina
1477,Bosnia and Herzegovina
1476,Bosnia and Herzegovina
1607,Bosnia and Herzegovina
1570,Bosnia and Herzegovina
1589,Bosnia and Herzegovina
1022,Bosnia and Herzegovina
1590,Bosnia and Herzegovina
1591,Bosnia and Herzegovina
1927,Bosnia and Herzegovina
1475,Bosnia and Herzegovina
1474,Bosnia and Herzegovina
1473,Bosnia and Herzegovina
1472,Bosnia and Herzegovina
1588,Bosnia and Herzegovina
1587,Bosnia and Herzegovina
1470,Bosnia and Herzegovina
1469,Bosnia and Herzegovina
547,Bosnia and Herzegovina
1287,Bougainville
1908,Burundi
1934,Burundi
713,Burundi
1907,Burundi
712,Burundi
1905,Burundi
711,Burundi
336,Burundi
702,Burundi
2033,Burundi
1421,Burundi
202,Burundi
2034,Burundi
1419,Burundi
568,Burundi
565,Burundi
584,Burundi
582,Burundi
1304,Burundi
1904,Burundi
321,Burundi
1425,Burundi
306,Burundi
380,Burundi
303,Burundi
1045,Burundi
2410,Burundi
196,Cambodia
243,Cambodia
252,Cambodia
378,Cambodia
364,Cambodia
1332,Cambodia
240,Cameroon
1013,Cameroon
2470,Central African Republic
2412,Central African Republic
2371,Central African Republic
2372,Central African Republic
2319,Central African Republic
2411,Central African Republic
2327,Central African Republic
2417,Central African Republic
2349,Central African Republic
2329,Central African Republic
2352,Central African Republic
2351,Central African Republic
2350,Central African Republic
2348,Central African Republic
2347,Central African Republic
2194,Central African Republic
2147,Central African Republic
2206,Central African Republic
2191,Central African Republic
2346,Central African Republic
2211,Central African Republic
2205,Central African Republic
2203,Central African Republic
2202,Central African Republic
2199,Central African Republic
2382,Central African Republic
2258,Central African Republic
2253,Central African Republic
2255,Central African Republic
2190,Central African Republic
2257,Central African Republic
2189,Central African Republic
2195,Central African Republic
2209,Central African Republic
2204,Central African Republic
2198,Central African Republic
2256,Central African Republic
2234,Central African Republic
1909,Central African Republic
2196,Central African Republic
2193,Central African Republic
2192,Central African Republic
2197,Central African Republic
1442,Central African Republic
2035,Central African Republic
818,Central African Republic
1659,Central African Republic
2246,Central African Republic
809,Central African Republic
810,Central African Republic
811,Central African Republic
807,Central African Republic
759,Central African Republic
669,Central African Republic
670,Central African Republic
760,Central African Republic
676,Central African Republic
464,Central African Republic
443,Central African Republic
3,Central African Republic
598,Central African Republic
488,Central African Republic
133,Central African Republic
2291,Central African Republic
2449,Chad
804,Chad
762,Chad
761,Chad
1265,Chad
615,Chad
910,Chad
237,Chad
716,Chad
715,Chad
714,Chad
1188,Chad
1071,Chad
1066,Chad
2361,China
792,China
717,China
497,China
234,China
286,China
2074,China
531,China
1811,China
1807,China
1808,China
1809,China
1743,China
1735,China
1742,China
1741,China
1740,China
2045,Colombia
2043,Colombia
1890,Colombia
1937,Colombia
1936,Colombia
1845,Colombia
2127,Colombia
2068,Colombia
1821,Colombia
2065,Colombia
1736,Colombia
1796,Colombia
1655,Colombia
1656,Colombia
1935,Colombia
1548,Colombia
1549,Colombia
1547,Colombia
1368,Colombia
1369,Colombia
1397,Colombia
1398,Colombia
1396,Colombia
1395,Colombia
1394,Colombia
1392,Colombia
1391,Colombia
817,Colombia
815,Colombia
812,Colombia
786,Colombia
827,Colombia
146,Colombia
167,Colombia
153,Colombia
1144,Colombia
157,Colombia
1151,Colombia
159,Colombia
154,Colombia
1150,Colombia
170,Colombia
1142,Colombia
1141,Colombia
1140,Colombia
1138,Colombia
145,Colombia
184,Colombia
1146,Colombia
1543,Colombia
1126,Colombia
1149,Colombia
174,Colombia
1137,Colombia
172,Colombia
1136,Colombia
1139,Colombia
1134,Colombia
1135,Colombia
160,Colombia
161,Colombia
183,Colombia
1133,Colombia
1132,Colombia
165,Colombia
176,Colombia
177,Colombia
178,Colombia
179,Colombia
180,Colombia
1148,Colombia
155,Colombia
1131,Colombia
162,Colombia
1130,Colombia
1129,Colombia
1128,Colombia
1127,Colombia
1145,Colombia
150,Colombia
156,Colombia
171,Colombia
1034,Colombia
1122,Colombia
1124,Colombia
1121,Colombia
1120,Colombia
1119,Colombia
1118,Colombia
1117,Colombia
148,Colombia
919,Colombia
147,Colombia
173,Colombia
1111,Colombia
1110,Colombia
1341,Colombia
1109,Colombia
164,Colombia
1108,Colombia
1107,Colombia
1106,Colombia
1105,Colombia
1104,Colombia
1103,Colombia
1102,Colombia
163,Colombia
1101,Colombia
1100,Colombia
166,Colombia
151,Colombia
158,Colombia
1098,Colombia
149,Colombia
1093,Colombia
1092,Colombia
152,Colombia
1096,Colombia
1091,Colombia
1094,Colombia
1095,Colombia
1099,Colombia
1090,Colombia
1089,Colombia
1088,Colombia
1097,Colombia
920,Colombia
168,Colombia
1083,Colombia
801,Comoros
618,Comoros
1334,Comoros
1715,Comoros
621,Comoros
619,Comoros
620,Comoros
1035,Comoros
887,Costa Rica
720,Cote d'Ivoire
674,Cote d'Ivoire
673,Cote d'Ivoire
1261,Cote d'Ivoire
119,Cote d'Ivoire
701,Cote d'Ivoire
536,Cote d'Ivoire
363,Cote d'Ivoire
489,Cote d'Ivoire
210,Cote d'Ivoire
421,Cote d'Ivoire
200,Cote d'Ivoire
195,Cote d'Ivoire
473,Cote d'Ivoire
436,Cote d'Ivoire
1053,Cote d'Ivoire
208,Cote d'Ivoire
199,Cote d'Ivoire
540,Cote d'Ivoire
1229,Croatia
422,Croatia
1220,Croatia
1219,Croatia
287,Croatia
1218,Croatia
1217,Croatia
563,Croatia
1181,Croatia
1468,Croatia
1215,Croatia
1200,Croatia
324,Croatia
1875,Croatia
1464,Croatia
1463,Croatia
1462,Croatia
1938,Croatia
1461,Croatia
1460,Croatia
1459,Croatia
1458,Croatia
1295,Croatia
1851,Croatia
1882,Croatia
1019,Croatia
1880,Croatia
1888,Croatia
1457,Croatia
1456,Croatia
1455,Croatia
1173,Croatia
1454,Croatia
318,Croatia
1453,Croatia
1651,Croatia
1650,Croatia
1649,Croatia
1879,Croatia
1452,Croatia
1451,Croatia
1648,Croatia
1450,Croatia
1449,Croatia
1647,Croatia
1448,Croatia
2490,Democratic Republic of Congo
2465,Democratic Republic of Congo
2466,Democratic Republic of Congo
2407,Democratic Republic of Congo
2409,Democratic Republic of Congo
2405,Democratic Republic of Congo
2406,Democratic Republic of Congo
2404,Democratic Republic of Congo
2408,Democratic Republic of Congo
2403,Democratic Republic of Congo
2402,Democratic Republic of Congo
2401,Democratic Republic of Congo
1913,Democratic Republic of Congo
2133,Democratic Republic of Congo
793,Democratic Republic of Congo
788,Democratic Republic of Congo
722,Democratic Republic of Congo
1190,Democratic Republic of Congo
671,Democratic Republic of Congo
672,Democratic Republic of Congo
893,Democratic Republic of Congo
895,Democratic Republic of Congo
896,Democratic Republic of Congo
894,Democratic Republic of Congo
404,Democratic Republic of Congo
1303,Democratic Republic of Congo
455,Democratic Republic of Congo
394,Democratic Republic of Congo
623,Democratic Republic of Congo
213,Democratic Republic of Congo
356,Democratic Republic of Congo
319,Democratic Republic of Congo
1043,Democratic Republic of Congo
2451,Democratic Republic of Congo
2538,Democratic Republic of Congo
477,Democratic Republic of Congo
1194,Democratic Republic of Congo
675,Democratic Republic of Congo
1193,Democratic Republic of Congo
1236,Democratic Republic of Congo
236,Democratic Republic of Congo
624,Djibouti
197,Djibouti
245,Djibouti
721,Djibouti
604,East Timor
4,East Timor
294,East Timor
372,East Timor
367,East Timor
141,Ecuador
212,Ecuador
625,Ecuador
626,Ecuador
923,Ecuador
1445,Ecuador
143,Ecuador
924,Ecuador
1444,Ecuador
927,Ecuador
925,Ecuador
926,Ecuador
353,Ecuador
352,Ecuador
424,El Salvador
593,El Salvador
246,El Salvador
552,El Salvador
332,El Salvador
474,El Salvador
1020,El Salvador
465,El Salvador
467,El Salvador
601,El Salvador
456,El Salvador
265,El Salvador
387,El Salvador
393,El Salvador
2098,Eritrea
2097,Eritrea
221,Eritrea
261,Eritrea
554,Eritrea
1290,Eritrea
471,Eritrea
599,Eritrea
2099,Eritrea
2100,Eritrea
627,Eritrea
1300,Ethiopia
1910,Ethiopia
1948,Ethiopia
2047,Ethiopia
2052,Ethiopia
1944,Ethiopia
2231,Ethiopia
1082,Ethiopia
2037,Ethiopia
1080,Ethiopia
1854,Ethiopia
1853,Ethiopia
1856,Ethiopia
1855,Ethiopia
2464,Ethiopia
2443,Ethiopia
1887,France
8,Gabon
725,Georgia
1059,Georgia
1056,Georgia
1511,Georgia
609,Georgia
1510,Georgia
412,Georgia
25,Georgia
24,Georgia
307,Georgia
23,Georgia
22,Georgia
21,Georgia
20,Georgia
19,Georgia
18,Georgia
17,Georgia
525,Georgia
342,Georgia
546,Georgia
9,Georgia
603,Georgia
247,Georgia
492,Georgia
361,Georgia
13,Georgia
12,Georgia
1693,Georgia
249,Georgia
1025,Georgia
724,Georgia
1804,Georgia
1780,Georgia
1781,Georgia
1779,Georgia
1778,Georgia
1777,Georgia
1776,Georgia
1775,Georgia
1774,Georgia
1785,Georgia
1773,Georgia
1794,Georgia
1795,Georgia
1803,Georgia
1704,Georgia
1784,Georgia
1783,Georgia
1782,Georgia
524,Georgia
1026,Georgia
10,Georgia
1698,Georgia
1697,Georgia
1696,Georgia
1695,Georgia
1694,Georgia
1703,Georgia
1031,Georgia
1029,Georgia
1707,Georgia
1701,Georgia
1700,Georgia
1699,Georgia
2487,Ghana
254,Guatemala
284,Guatemala
278,Guatemala
263,Guatemala
253,Guatemala
292,Guatemala
291,Guatemala
283,Guatemala
296,Guatemala
273,Guatemala
334,Guatemala
258,Guatemala
382,Guatemala
383,Guatemala
289,Guatemala
255,Guatemala
704,Guatemala
309,Guatemala
1915,Guinea
763,Guinea
79,Guinea-Bissau
218,Guinea-Bissau
185,Guinea-Bissau
323,Guinea-Bissau
329,Guinea-Bissau
1040,Guinea-Bissau
1805,Haiti
27,Haiti
29,Haiti
28,Haiti
1940,Honduras
845,Honduras
2391,India
1838,India
2362,India
652,India
1047,India
30,India
1716,India
1717,India
1292,India
1835,India
1836,India
1837,India
31,India
2471,India
1057,India
1834,India
1833,India
1832,India
1049,India
1839,India
2370,India
1524,India
446,India
577,India
1291,India
1443,India
1522,India
1523,India
631,India
450,Indonesia
1689,Indonesia
325,Indonesia
100,Indonesia
101,Indonesia
102,Indonesia
103,Indonesia
104,Indonesia
105,Indonesia
106,Indonesia
107,Indonesia
108,Indonesia
1196,Indonesia
109,Indonesia
110,Indonesia
111,Indonesia
112,Indonesia
113,Indonesia
114,Indonesia
579,Indonesia
442,Indonesia
241,Indonesia
2239,Iraq
343,Iraq
1243,Iraq
682,Iraq
1422,Iraq
1423,Iraq
723,Iraq
678,Iraq
538,Iraq
32,Iraq
452,Iraq
1577,Iraq
2270,Ireland
1801,Ireland
1435,Ireland
904,Ireland
903,Ireland
764,Ireland
126,Ireland
122,Ireland
123,Ireland
124,Ireland
135,Ireland
132,Ireland
134,Ireland
125,Ireland
1267,Ireland
1269,Ireland
1270,Ireland
1268,Ireland
121,Ireland
131,Ireland
130,Ireland
982,Ireland
1266,Ireland
556,Ireland
1251,Ireland
129,Ireland
1260,Ireland
1253,Ireland
1250,Ireland
136,Ireland
1259,Ireland
128,Ireland
1258,Ireland
1257,Ireland
127,Ireland
360,Israel
594,Israel
591,Israel
222,Israel
537,Israel
411,Israel
787,Israel
1072,Israel
138,Israel
139,Israel
192,Israel
1514,Israel
501,Israel
587,Israel
592,Israel
277,Israel
500,Israel
1246,Israel
293,Israel
410,Israel
983,Israel
984,Israel
985,Israel
986,Israel
987,Israel
988,Israel
989,Israel
35,Israel
271,Israel
281,Israel
1513,Israel
36,Israel
357,Israel
34,Israel
33,Israel
2316,Kenya
2315,Kenya
2101,Kenya
1920,Kenya
1919,Kenya
1918,Kenya
1950,Kenya
1949,Kenya
785,Kenya
1947,Kenya
1945,Kenya
1946,Kenya
1943,Kenya
688,Kenya
690,Kenya
691,Kenya
831,Kenya
693,Kenya
832,Kenya
726,Kenya
696,Kenya
1075,Kenya
1233,Kenya
1917,Kenya
1916,Kenya
2389,Kosovo
2418,Kosovo
2032,Kosovo
2031,Kosovo
2030,Kosovo
2026,Kosovo
2028,Kosovo
2029,Kosovo
2027,Kosovo
2025,Kosovo
2024,Kosovo
2023,Kosovo
2022,Kosovo
2021,Kosovo
2020,Kosovo
2017,Kosovo
2018,Kosovo
2019,Kosovo
2015,Kosovo
2016,Kosovo
602,Kosovo
5,Kosovo
457,Kosovo
6,Kosovo
405,Kosovo
1221,Kosovo
1894,Kurds-Kurdistan
2392,Kyrgyzstan
2134,Lebanon
2432,Lebanon
729,Lebanon
1262,Lebanon
1840,Lebanon
1018,Lebanon
1661,Lesotho
1662,Lesotho
730,Lesotho
1042,Lesotho
1660,Lesotho
338,Liberia
259,Liberia
1315,Liberia
551,Liberia
1314,Liberia
194,Liberia
209,Liberia
279,Liberia
304,Liberia
346,Liberia
1313,Liberia
41,Liberia
564,Liberia
40,Liberia
39,Liberia
38,Liberia
1312,Liberia
1242,Liberia
1041,Liberia
633,Liberia
634,Liberia
1565,Liberia
1309,Liberia
1310,Liberia
1311,Liberia
635,Liberia
1305,Liberia
1306,Liberia
1308,Liberia
1307,Liberia
2433,Libya
2462,Libya
2515,Libya
2399,Libya
2320,Libya
2217,Libya
2230,Libya
2143,Libya
2229,Libya
2216,Libya
2136,Libya
2224,Libya
2175,Libya
2137,Libya
2138,Libya
2140,Libya
2223,Libya
2141,Libya
2221,Libya
2102,Libya
2139,Libya
2488,Libya
2142,Libya
2012,Libya
1955,Libya
2222,Libya
1954,Libya
1952,Libya
1951,Libya
1953,Libya
2011,Libya
2079,Libya
1973,Libya
2078,Libya
2013,Libya
1566,Libya
1956,Libya
1370,Libya
1512,Libya
1427,Libya
2219,Libya
2220,Libya
1892,Libya
2076,Libya
728,Libya
381,Macedonia
768,Madagascar
833,Madagascar
834,Madagascar
836,Madagascar
835,Madagascar
837,Madagascar
839,Madagascar
840,Madagascar
2069,Madagascar
2049,Madagascar
2048,Madagascar
2381,Mali
2367,Mali
2368,Mali
2366,Mali
2416,Mali
2415,Mali
2297,Mali
2293,Mali
2237,Mali
2247,Mali
2300,Mali
2299,Mali
2298,Mali
2146,Mali
2177,Mali
2296,Mali
2484,Mali
2486,Mali
2485,Mali
1542,Mali
1365,Mali
1366,Mali
1367,Mali
1568,Mali
1571,Mali
1572,Mali
1426,Mali
1575,Mali
1576,Mali
1574,Mali
1573,Mali
816,Mali
813,Mali
814,Mali
808,Mali
1263,Mali
637,Mali
206,Mali
2240,Mali
2292,Mali
2317,Mali
2294,Mali
214,Mexico
327,Mexico
425,Mexico
426,Mexico
226,Mexico
523,Mexico
43,Moldova
42,Moldova
1604,Moldova
1024,Moldova
1957,Moldova
454,Moldova
732,Morocco
689,Morocco
698,Morocco
697,Morocco
700,Morocco
1301,Morocco
188,Morocco
340,Morocco
339,Morocco
118,Morocco
1247,Morocco
1517,Mozambique
1079,Mozambique
819,Mozambique
1078,Mozambique
392,Mozambique
420,Mozambique
354,Mozambique
495,Mozambique
494,Mozambique
493,Mozambique
46,Mozambique
256,Mozambique
419,Mozambique
2369,Myanmar
2383,Myanmar
2075,Myanmar
1544,Myanmar
1436,Myanmar
1519,Myanmar
1545,Myanmar
1518,Myanmar
1599,Myanmar
1841,Myanmar
1546,Myanmar
1550,Myanmar
1581,Myanmar
1580,Myanmar
1563,Myanmar
1321,Myanmar
1603,Myanmar
1579,Myanmar
1561,Myanmar
1551,Myanmar
1558,Myanmar
1564,Myanmar
776,Myanmar
1557,Myanmar
775,Myanmar
774,Myanmar
773,Myanmar
1562,Myanmar
1560,Myanmar
1553,Myanmar
771,Myanmar
770,Myanmar
1555,Myanmar
769,Myanmar
1578,Myanmar
1559,Myanmar
1552,Myanmar
1582,Myanmar
596,Namibia
285,Namibia
224,Namibia
1248,Namibia
1361,Nepal
1342,Nepal
733,Nepal
1799,Nepal
1798,Nepal
1797,Nepal
1768,Nepal
1767,Nepal
1766,Nepal
1765,Nepal
1764,Nepal
1763,Nepal
1762,Nepal
1761,Nepal
1760,Nepal
1759,Nepal
1758,Nepal
1757,Nepal
1755,Nepal
1756,Nepal
1754,Nepal
1753,Nepal
1752,Nepal
1751,Nepal
1750,Nepal
1749,Nepal
1748,Nepal
1747,Nepal
1746,Nepal
1744,Nepal
1745,Nepal
1322,Nepal
88,Nepal
1325,Nepal
89,Nepal
333,Nepal
87,Nepal
1331,Nepal
1327,Nepal
1328,Nepal
1330,Nepal
1329,Nepal
1326,Nepal
1324,Nepal
86,Nepal
1063,Nepal
85,Nepal
1769,Nepal
1323,Nepal
1064,Nepal
899,Nepal
921,Nicaragua
1086,Nicaragua
578,Nicaragua
375,Nicaragua
215,Nicaragua
366,Nicaragua
589,Nicaragua
2295,Niger
2135,Niger
1521,Niger
522,Niger
204,Niger
203,Niger
2290,Nigeria
2233,Nigeria
1911,Nigeria
1959,Nigeria
1921,Nigeria
1922,Nigeria
1958,Nigeria
1536,Nigeria
1901,Nigeria
1898,Nigeria
1897,Nigeria
1900,Nigeria
2105,North Korea
2104,North Korea
1073,North Korea
541,North Korea
1231,North Korea
1232,North Korea
2106,North Korea
223,North Korea
1960,North Korea
735,Pakistan
734,Pakistan
1688,Pakistan
1530,Pakistan
1532,Pakistan
1531,Pakistan
1969,Palestine
1541,Palestine
1411,Palestine
1410,Palestine
1409,Palestine
1408,Palestine
1407,Palestine
1406,Palestine
1417,Palestine
1405,Palestine
2428,Papua New Guinea
2426,Papua New Guinea
2427,Papua New Guinea
1902,Papua New Guinea
312,Papua New Guinea
528,Papua New Guinea
586,Papua New Guinea
225,Papua New Guinea
386,Papua New Guinea
438,Papua New Guinea
572,Papua New Guinea
418,Papua New Guinea
571,Papua New Guinea
444,Papua New Guinea
370,Papua New Guinea
314,Papua New Guinea
557,Papua New Guinea
499,Papua New Guinea
437,Papua New Guinea
1036,Papua New Guinea
1037,Papua New Guinea
315,Papua New Guinea
561,Papua New Guinea
560,Papua New Guinea
447,Papua New Guinea
313,Papua New Guinea
316,Papua New Guinea
607,Papua New Guinea
326,Papua New Guinea
468,Papua New Guinea
232,Papua New Guinea
639,Papua New Guinea
588,Papua New Guinea
570,Papua New Guinea
1017,Papua New Guinea
377,Papua New Guinea
295,Papua New Guinea
2261,Philippines
2108,Philippines
2107,Philippines
2055,Philippines
1979,Philippines
1978,Philippines
1976,Philippines
1842,Philippines
1971,Philippines
1970,Philippines
943,Philippines
942,Philippines
1058,Philippines
98,Philippines
99,Philippines
936,Philippines
1241,Philippines
935,Philippines
934,Philippines
335,Philippines
932,Philippines
933,Philippines
1038,Philippines
1032,Philippines
416,Philippines
417,Philippines
415,Philippines
559,Philippines
569,Philippines
854,Philippines
2492,Philippines
2493,Philippines
2494,Philippines
2061,Philippines
2129,Philippines
2050,Philippines
2059,Philippines
2058,Philippines
2057,Philippines
2060,Philippines
2054,Philippines
1977,Philippines
1975,Philippines
1974,Philippines
1353,Philippines
1351,Philippines
1352,Philippines
1355,Philippines
1350,Philippines
1349,Philippines
1348,Philippines
881,Philippines
1345,Philippines
1346,Philippines
1347,Philippines
882,Philippines
883,Philippines
868,Philippines
869,Philippines
870,Philippines
871,Philippines
872,Philippines
873,Philippines
874,Philippines
867,Philippines
866,Philippines
1015,Philippines
1354,Philippines
1005,Philippines
1006,Philippines
738,Philippines
1004,Philippines
1003,Philippines
665,Philippines
666,Philippines
1002,Philippines
1001,Philippines
660,Philippines
737,Philippines
841,Philippines
999,Philippines
1000,Philippines
998,Philippines
1074,Philippines
997,Philippines
664,Philippines
996,Philippines
1972,Philippines
995,Philippines
992,Philippines
994,Philippines
980,Philippines
979,Philippines
993,Philippines
991,Philippines
663,Philippines
977,Philippines
975,Philippines
662,Philippines
974,Philippines
973,Philippines
972,Philippines
661,Philippines
971,Philippines
191,Philippines
401,Philippines
190,Philippines
970,Philippines
402,Philippines
396,Philippines
269,Philippines
282,Philippines
968,Philippines
967,Philippines
966,Philippines
274,Philippines
965,Philippines
964,Philippines
963,Philippines
962,Philippines
961,Philippines
959,Philippines
659,Philippines
958,Philippines
957,Philippines
658,Philippines
955,Philippines
956,Philippines
954,Philippines
539,Philippines
529,Philippines
530,Philippines
657,Philippines
953,Philippines
189,Philippines
656,Philippines
655,Philippines
527,Philippines
952,Philippines
390,Philippines
951,Philippines
298,Philippines
654,Philippines
950,Philippines
297,Philippines
403,Philippines
949,Philippines
400,Philippines
242,Philippines
948,Philippines
244,Philippines
946,Philippines
947,Philippines
945,Philippines
406,Philippines
944,Philippines
479,Philippines
187,Philippines
545,Philippines
640,Philippines
1052,Philippines
1051,Philippines
1046,Republic of Congo
201,Republic of Congo
198,Republic of Congo
1285,Russia
481,Russia
532,Russia
1284,Russia
1286,Russia
434,Russia
533,Russia
227,Russia
511,Russia
513,Russia
1283,Russia
371,Russia
512,Russia
251,Russia
365,Russia
1282,Russia
302,Russia
288,Russia
1281,Russia
509,Russia
510,Russia
2273,Russia
2274,Russia
2169,Russia
2444,Russia
475,Rwanda
506,Rwanda
507,Rwanda
505,Rwanda
1343,Rwanda
504,Rwanda
503,Rwanda
469,Rwanda
1048,Rwanda
408,Saudi Arabia
535,Saudi Arabia
2380,Senegal
642,Senegal
1720,Senegal
1430,Serbia
1428,Serbia
1431,Serbia
1050,Sierra Leone
320,Sierra Leone
478,Sierra Leone
63,Sierra Leone
62,Sierra Leone
260,Sierra Leone
330,Sierra Leone
374,Sierra Leone
476,Sierra Leone
1228,Slovenia
1663,Solomon Islands
80,Solomon Islands
399,Solomon Islands
1712,Somalia
1961,Somalia
797,Somalia
795,Somalia
791,Somalia
1403,Somalia
1360,Somalia
782,Somalia
783,Somalia
779,Somalia
780,Somalia
781,Somalia
745,Somalia
746,Somalia
747,Somalia
743,Somalia
686,Somalia
741,Somalia
742,Somalia
740,Somalia
825,Somalia
1859,Somalia
1858,Somalia
1857,Somalia
379,Somalia
331,Somalia
1068,Somalia
590,Somalia
359,Somalia
1682,Somalia
317,Somalia
75,Somalia
907,Somalia
216,Somalia
267,Somalia
280,Somalia
567,Somalia
1677,Somalia
1713,Somalia
1678,Somalia
1679,Somalia
1605,Somalia
1606,Somalia
799,Somalia
1680,Somalia
1681,Somalia
744,Somalia
1852,Somalia
1710,Somalia
1709,Somaliland
1806,South Africa
407,South Africa
445,South Africa
186,South Africa
462,South Africa
449,South Africa
348,South Africa
220,South Africa
1272,South Africa
490,South Africa
395,South Africa
2452,South Sudan
2450,South Sudan
2397,South Sudan
2395,South Sudan
2385,South Sudan
2384,South Sudan
2378,South Sudan
2413,South Sudan
2331,South Sudan
2313,South Sudan
2310,South Sudan
2288,South Sudan
2248,South Sudan
2379,South Sudan
2263,South Sudan
2264,South Sudan
2267,South Sudan
2112,South Sudan
2111,South Sudan
2110,South Sudan
2109,South Sudan
2429,South Sudan
2265,South Sudan
2287,South Sudan
1966,South Sudan
1965,South Sudan
1964,South Sudan
2072,South Sudan
1963,South Sudan
2266,South Sudan
1962,South Sudan
2071,South Sudan
2312,South Sudan
2073,South Sudan
1585,South Sudan
2286,South Sudan
1692,South Sudan
1691,South Sudan
1690,South Sudan
1357,South Sudan
1187,South Sudan
906,South Sudan
2125,South Sudan
2476,South Sudan
1186,South Sudan
1844,South Sudan
885,South Sudan
1675,South Sudan
2126,South Sudan
1185,South Sudan
1653,South Sudan
884,South Sudan
1184,South Sudan
1843,South Sudan
1819,South Sudan
2330,South Sudan
879,South Sudan
2334,South Sudan
1674,South Sudan
2333,South Sudan
1067,South Sudan
2525,South Sudan
2530,South Sudan
2524,South Sudan
2532,South Sudan
1817,South Sudan
1816,South Sudan
1967,South Sudan
1815,South Sudan
1814,South Sudan
1813,South Sudan
877,South Sudan
878,South Sudan
856,South Sudan
857,South Sudan
858,South Sudan
859,South Sudan
860,South Sudan
861,South Sudan
862,South Sudan
1076,South Sudan
1077,South Sudan
865,South Sudan
1669,South Sudan
1374,South Sudan
1372,South Sudan
1371,South Sudan
1668,South Sudan
752,South Sudan
1800,South Sudan
337,South Sudan
270,South Sudan
576,South Sudan
574,South Sudan
575,South Sudan
1195,South Sudan
362,South Sudan
581,South Sudan
498,South Sudan
385,South Sudan
275,South Sudan
233,South Sudan
461,South Sudan
451,South Sudan
2528,South Sudan
453,South Sudan
2536,South Sudan
440,South Sudan
913,South Sudan
470,South Sudan
1039,South Sudan
550,South Sudan
542,South Sudan
485,South Sudan
486,South Sudan
918,South Sudan
1021,South Sudan
843,South Sudan
1812,South Sudan
1337,South Sudan
850,South Sudan
852,South Sudan
750,South Sudan
1667,South Sudan
1671,South Sudan
1666,South Sudan
1673,South Sudan
1665,South Sudan
1672,South Sudan
830,South Sudan
573,South Sudan
496,South Sudan
583,South Sudan
2531,South Sudan
2522,South Sudan
2521,South Sudan
2523,South Sudan
1033,South Sudan
1439,Spain
1658,Spain
70,Spain
1157,Sri Lanka
1012,Sri Lanka
1010,Sri Lanka
1008,Sri Lanka
1154,Sri Lanka
1009,Sri Lanka
1278,Sri Lanka
1277,Sri Lanka
1276,Sri Lanka
1280,Sri Lanka
1275,Sri Lanka
1162,Sri Lanka
1274,Sri Lanka
1273,Sri Lanka
1161,Sri Lanka
1160,Sri Lanka
1155,Sri Lanka
1159,Sri Lanka
1158,Sri Lanka
1163,Sri Lanka
1011,Sri Lanka
548,Sri Lanka
248,Sri Lanka
1007,Sri Lanka
355,Sri Lanka
2394,Sudan
2386,Sudan
2377,Sudan
2325,Sudan
2400,Sudan
2374,Sudan
2375,Sudan
2376,Sudan
2373,Sudan
2243,Sudan
2477,Sudan
1820,Sudan
1829,Sudan
1060,Sudan
1830,Sudan
1828,Sudan
2414,Sudan
875,Sudan
876,Sudan
880,Sudan
855,Sudan
851,Sudan
749,Sudan
853,Sudan
751,Sudan
753,Sudan
754,Sudan
755,Sudan
748,Sudan
699,Sudan
1065,Sudan
350,Sudan
94,Sudan
90,Sudan
91,Sudan
92,Sudan
905,Sudan
647,Sudan
1718,Sudan
373,Sudan
2478,Sudan
1664,Sudan
235,Sudan
2345,Syria
2285,Syria
2284,Syria
2302,Syria
2343,Syria
2283,Syria
2340,Syria
2172,Syria
2282,Syria
2171,Syria
2168,Syria
2281,Syria
2115,Syria
2164,Syria
2166,Syria
2279,Syria
2161,Syria
2165,Syria
2278,Syria
2277,Syria
2167,Syria
2114,Syria
2163,Syria
2174,Syria
2095,Syria
2002,Syria
2094,Syria
2001,Syria
2000,Syria
1999,Syria
2186,Syria
1995,Syria
2185,Syria
1997,Syria
1998,Syria
2241,Syria
1996,Syria
2062,Syria
2178,Syria
2183,Syria
2180,Syria
2179,Syria
2181,Syria
2182,Syria
2162,Syria
2093,Syria
2158,Syria
2437,Syria
2436,Syria
2092,Syria
1994,Syria
1983,Syria
1993,Syria
2090,Syria
1992,Syria
1991,Syria
1990,Syria
2157,Syria
2213,Syria
2091,Syria
1989,Syria
2156,Syria
1988,Syria
1987,Syria
1986,Syria
1985,Syria
1984,Syria
1507,Syria
2155,Syria
1891,Syria
1596,Syria
1982,Syria
2275,Syria
1441,Syria
2148,Syria
1652,Syria
1440,Syria
1438,Syria
2154,Syria
2153,Syria
2342,Syria
1981,Syria
1886,Syria
2364,Syria
2434,Syria
2152,Syria
2151,Syria
2339,Syria
1885,Syria
1527,Syria
2003,Syria
1525,Syria
2225,Syria
2150,Syria
1868,Syria
2149,Syria
1865,Syria
1864,Syria
784,Syria
778,Syria
777,Syria
756,Syria
2344,Syria
211,Tajikistan
435,Tajikistan
388,Tajikistan
519,Tajikistan
515,Tajikistan
555,Tajikistan
558,Tajikistan
514,Tajikistan
429,Tajikistan
549,Tajikistan
219,Tajikistan
430,Tajikistan
428,Tajikistan
516,Tajikistan
239,Tajikistan
432,Tajikistan
517,Tajikistan
521,Tajikistan
518,Tajikistan
585,Tajikistan
257,Tajikistan
790,Thailand
844,Togo
1264,Togo
1256,Togo
1515,Tunisia
684,Uganda
685,Uganda
692,Uganda
694,Uganda
695,Uganda
667,Uganda
757,Uganda
892,Uganda
137,Uganda
888,Uganda
891,Uganda
889,Uganda
890,Uganda
262,Uganda
649,Uganda
1719,Uganda
397,Uganda
2440,Ukraine
2260,Ukraine
2236,Ukraine
2118,Ukraine
2117,Ukraine
1364,Ukraine
1362,Ukraine
1363,Ukraine
930,Ukraine
2441,Yemen
2365,Yemen
2235,Yemen
2228,Yemen
2227,Yemen
2124,Yemen
2123,Yemen
2121,Yemen
2122,Yemen
2120,Yemen
2176,Yemen
2335,Yemen
2119,Yemen
2336,Yemen
2014,Yemen
2009,Yemen
2089,Yemen
2010,Yemen
1826,Yemen
1586,Yemen
2008,Yemen
1825,Yemen
1824,Yemen
2007,Yemen
1734,Yemen
2214,Yemen
1823,Yemen
1676,Yemen
1884,Yemen
2006,Yemen
2087,Yemen
798,Yemen
2082,Yemen
2083,Yemen
2086,Yemen
2084,Yemen
1883,Yemen
1597,Yemen
1509,Yemen
1508,Yemen
2226,Yemen
2005,Yemen
1400,Yemen
2215,Yemen
2063,Yemen
2004,Yemen
1399,Yemen
758,Yemen
1401,Yemen
1402,Yemen
1434,Yemen
1433,Yemen
250,Yemen
264,Yemen
1340,Zimbabwe
826,Zimbabwe
828,Zimbabwe
1070,Pakistan
2271,United States of America
2272,United States of America
668,Burundi
349,Burundi
789,Burundi
1336,Cabinda
1062,Central African Republic
423,United Kingdom
431,United Kingdom
2454,Azerbaijan
2468,Azerbaijan
2396,Azerbaijan
2455,Azerbaijan
2324,Azerbaijan
2321,Azerbaijan
2322,Azerbaijan
1926,Azerbaijan
1687,Azerbaijan
1686,Azerbaijan
1684,Azerbaijan
1733,Azerbaijan
990,Azerbaijan
310,Azerbaijan
1732,Azerbaijan
1731,Azerbaijan
1730,Azerbaijan
1729,Azerbaijan
1728,Azerbaijan
1727,Azerbaijan
1726,Azerbaijan
1725,Azerbaijan
1724,Azerbaijan
1723,Azerbaijan
1722,Azerbaijan
1721,Azerbaijan
1683,Azerbaijan
1925,Azerbaijan
1685,Azerbaijan
823,Azerbaijan
611,Azerbaijan
238,Chittagong Hill Tracts
2447,Yugoslavia (former)
384,Yugoslavia (former)
1212,Yugoslavia (former)
276,Yugoslavia (former)
1210,Yugoslavia (former)
1209,Yugoslavia (former)
1207,Yugoslavia (former)
1903,Yugoslavia (former)
311,Yugoslavia (former)
1206,Yugoslavia (former)
1205,Yugoslavia (former)
1204,Yugoslavia (former)
1203,Yugoslavia (former)
1320,Yugoslavia (former)
1030,Yugoslavia (former)
389,Yugoslavia (former)
1289,Yugoslavia (former)
2,Yugoslavia (former)
1201,Yugoslavia (former)
1645,Yugoslavia (former)
322,Yugoslavia (former)
78,Yugoslavia (former)
77,Yugoslavia (former)
1644,Yugoslavia (former)
1214,Yugoslavia (former)
1643,Yugoslavia (former)
1642,Yugoslavia (former)
1874,Yugoslavia (former)
1641,Yugoslavia (former)
1654,Yugoslavia (former)
1640,Yugoslavia (former)
1639,Yugoslavia (former)
1213,Yugoslavia (former)
915,Yugoslavia (former)
916,Yugoslavia (former)
1504,Yugoslavia (former)
1503,Yugoslavia (former)
1501,Yugoslavia (former)
1226,Yugoslavia (former)
1500,Yugoslavia (former)
1637,Yugoslavia (former)
1873,Yugoslavia (former)
1499,Yugoslavia (former)
1198,Yugoslavia (former)
1636,Yugoslavia (former)
1878,Yugoslavia (former)
1850,Yugoslavia (former)
608,Yugoslavia (former)
1179,Yugoslavia (former)
1633,Yugoslavia (former)
1497,Yugoslavia (former)
1931,Yugoslavia (former)
1632,Yugoslavia (former)
1872,Yugoslavia (former)
1930,Yugoslavia (former)
1598,Yugoslavia (former)
1298,Yugoslavia (former)
1849,Yugoslavia (former)
1871,Yugoslavia (former)
1494,Yugoslavia (former)
1202,Yugoslavia (former)
1493,Yugoslavia (former)
1297,Yugoslavia (former)
1569,Yugoslavia (former)
472,Yugoslavia (former)
1630,Yugoslavia (former)
1490,Yugoslavia (former)
1486,Yugoslavia (former)
1485,Yugoslavia (former)
1628,Yugoslavia (former)
1870,Yugoslavia (former)
1177,Yugoslavia (former)
1627,Yugoslavia (former)
1626,Yugoslavia (former)
1625,Yugoslavia (former)
1172,Yugoslavia (former)
1847,Yugoslavia (former)
1624,Yugoslavia (former)
1623,Yugoslavia (former)
1484,Yugoslavia (former)
1622,Yugoslavia (former)
1483,Yugoslavia (former)
606,Yugoslavia (former)
1621,Yugoslavia (former)
1482,Yugoslavia (former)
1877,Yugoslavia (former)
1620,Yugoslavia (former)
1027,Yugoslavia (former)
1869,Yugoslavia (former)
1619,Yugoslavia (former)
1876,Yugoslavia (former)
1182,Yugoslavia (former)
1848,Yugoslavia (former)
1618,Yugoslavia (former)
1617,Yugoslavia (former)
1616,Yugoslavia (former)
1615,Yugoslavia (former)
1928,Yugoslavia (former)
1846,Yugoslavia (former)
1613,Yugoslavia (former)
1611,Yugoslavia (former)
1612,Yugoslavia (former)
1479,Yugoslavia (former)
1867,Yugoslavia (former)
1610,Yugoslavia (former)
1609,Yugoslavia (former)
1567,Yugoslavia (former)
1171,Yugoslavia (former)
1166,Yugoslavia (former)
1165,Yugoslavia (former)
1167,Yugoslavia (former)
1169,Yugoslavia (former)
1170,Yugoslavia (former)
1164,Yugoslavia (former)
1608,Yugoslavia (former)
1478,Yugoslavia (former)
1477,Yugoslavia (former)
1476,Yugoslavia (former)
1607,Yugoslavia (former)
1570,Yugoslavia (former)
1589,Yugoslavia (former)
1022,Yugoslavia (former)
1590,Yugoslavia (former)
1591,Yugoslavia (former)
1927,Yugoslavia (former)
1475,Yugoslavia (former)
1474,Yugoslavia (former)
1473,Yugoslavia (former)
1472,Yugoslavia (former)
1588,Yugoslavia (former)
1587,Yugoslavia (former)
1470,Yugoslavia (former)
1469,Yugoslavia (former)
547,Yugoslavia (former)
1287,United Nations
2410,Democratic Republic of Congo
240,Nigeria
1013,Nigeria
133,Chad
2291,Sudan
237,Libya
716,Sudan
715,Sudan
714,Sudan
1188,Sudan
1071,Sudan
1066,Sudan
2361,India
792,India
717,India
497,India
234,India
286,India
2074,Japan
531,Kazakhstan
1811,Kazakhstan
1807,Mongolia
1808,Mongolia
1809,Mongolia
1743,Russia
1735,Russia
1742,Russia
1741,Russia
1740,Russia
1083,Venezuela
801,Anjouan
618,Anjouan
1334,Anjouan
1715,Anjouan
621,Anjouan
619,Anjouan
620,Anjouan
1035,Anjouan
887,El Salvador
1229,Slovenia
422,Slovenia
1220,Yugoslavia (former)
1219,Yugoslavia (former)
287,Yugoslavia (former)
1218,Yugoslavia (former)
1217,Yugoslavia (former)
563,Yugoslavia (former)
1181,Yugoslavia (former)
1468,Yugoslavia (former)
1215,Yugoslavia (former)
1200,Yugoslavia (former)
324,Yugoslavia (former)
1875,Yugoslavia (former)
1464,Yugoslavia (former)
1463,Yugoslavia (former)
1462,Yugoslavia (former)
1938,Yugoslavia (former)
1461,Yugoslavia (former)
1460,Yugoslavia (former)
1459,Yugoslavia (former)
1458,Yugoslavia (former)
1295,Yugoslavia (former)
1851,Yugoslavia (former)
1882,Yugoslavia (former)
1019,Yugoslavia (former)
1880,Yugoslavia (former)
1888,Yugoslavia (former)
1457,Yugoslavia (former)
1456,Yugoslavia (former)
1455,Yugoslavia (former)
1173,Yugoslavia (former)
1454,Yugoslavia (former)
318,Yugoslavia (former)
1453,Yugoslavia (former)
1651,Yugoslavia (former)
1650,Yugoslavia (former)
1649,Yugoslavia (former)
1879,Yugoslavia (former)
1452,Yugoslavia (former)
1451,Yugoslavia (former)
1648,Yugoslavia (former)
1450,Yugoslavia (former)
1449,Yugoslavia (former)
1647,Yugoslavia (former)
1448,Yugoslavia (former)
2451,Rwanda
2538,Rwanda
477,Rwanda
1194,Rwanda
675,Rwanda
1193,Uganda
1236,Uganda
236,Uganda
721,Eritrea
141,Peru
212,Peru
625,Peru
626,Peru
923,Peru
1445,Peru
143,Peru
924,Peru
1444,Peru
927,Peru
925,Peru
926,Peru
353,Peru
352,Peru
2098,Ethiopia
2097,Ethiopia
221,Ethiopia
261,Ethiopia
554,Ethiopia
1290,Ethiopia
471,Ethiopia
599,Ethiopia
2099,Ethiopia
2100,Somalia
627,Sudan
1910,Kenya
1948,Kenya
2047,Kenya
2052,Kenya
1944,Kenya
2231,Ogaden
1082,Ogaden
2037,Ogaden
1080,Ogaden
1854,Somalia
1853,Somalia
1856,Somalia
1855,Somalia
2464,Tigray
2443,Tigray
1887,Germany
725,Abkhazia
1059,Abkhazia
1056,Abkhazia
1511,Abkhazia
609,Abkhazia
1510,Abkhazia
412,Abkhazia
25,Abkhazia
24,Abkhazia
307,Abkhazia
23,Abkhazia
22,Abkhazia
21,Abkhazia
20,Abkhazia
19,Abkhazia
18,Abkhazia
17,Abkhazia
525,Abkhazia
342,Abkhazia
546,Abkhazia
9,Abkhazia
603,Abkhazia
247,Abkhazia
492,Abkhazia
361,Abkhazia
13,Abkhazia
12,Abkhazia
1693,Abkhazia
249,Abkhazia
1025,Abkhazia
724,Abkhazia
1804,Ossetia
1780,Russia
1781,Russia
1779,Russia
1778,Russia
1777,Russia
1776,Russia
1775,Russia
1774,Russia
1785,Russia
1773,Russia
1794,Russia
1795,Russia
1803,Russia
1704,Russia
1784,Russia
1783,Russia
1782,Russia
524,Russia
1026,Russia
10,Russia
1698,Russia
1697,Russia
1696,Russia
1695,Russia
1694,Russia
1703,Russia
1031,Russia
1029,Russia
1707,Russia
1701,Russia
1700,Russia
1699,Russia
2391,Assam
1838,Assam
2362,Bodoland
652,Bodoland
1047,Bodoland
30,Bodoland
1716,Darjeeling
1717,Darjeeling
1292,Darjeeling
1835,Manipur
1836,Mizoram
1837,Mizoram
31,Mizoram
2471,Nagaland
1057,Nagaland
1834,Nagaland
1833,Nagaland
1832,Nagaland
1049,Nagaland
1839,Nagaland
2370,Pakistan
1524,Pakistan
446,Pakistan
577,Pakistan
1291,Pakistan
1443,Pakistan
1522,Pakistan
1523,Pakistan
631,Tripura
450,Aceh
1689,Aceh
325,Aceh
100,Aceh
101,Aceh
102,Aceh
103,Aceh
104,Aceh
105,Aceh
106,Aceh
107,Aceh
108,Aceh
1196,Aceh
109,Aceh
110,Aceh
111,Aceh
112,Aceh
113,Aceh
114,Aceh
579,Moluccas
442,Moluccas
241,Portugal
723,Kurds-Kurdistan
678,Kurds-Kurdistan
538,Kuwait
32,United Nations
452,United Nations
1577,United States of America
2270,United Kingdom
1801,United Kingdom
1435,United Kingdom
904,United Kingdom
903,United Kingdom
764,United Kingdom
126,United Kingdom
122,United Kingdom
123,United Kingdom
124,United Kingdom
135,United Kingdom
132,United Kingdom
134,United Kingdom
125,United Kingdom
1267,United Kingdom
1269,United Kingdom
1270,United Kingdom
1268,United Kingdom
121,United Kingdom
131,United Kingdom
130,United Kingdom
982,United Kingdom
1266,United Kingdom
556,United Kingdom
1251,United Kingdom
129,United Kingdom
1260,United Kingdom
1253,United Kingdom
1250,United Kingdom
136,United Kingdom
1259,United Kingdom
128,United Kingdom
1258,United Kingdom
1257,United Kingdom
127,United Kingdom
360,Jordan
594,Jordan
591,Jordan
222,Jordan
537,Lebanon
411,Lebanon
787,Palestine
1072,Palestine
138,Palestine
139,Palestine
192,Palestine
1514,Palestine
501,Palestine
587,Palestine
592,Palestine
277,Palestine
500,Palestine
1246,Palestine
293,Palestine
410,Palestine
983,Palestine
984,Palestine
985,Palestine
986,Palestine
987,Palestine
988,Palestine
989,Palestine
35,Palestine
271,Palestine
281,Palestine
1513,Palestine
36,Palestine
357,Palestine
34,Palestine
33,Palestine
2389,Serbia
2418,Serbia
2032,Serbia
2031,Serbia
2030,Serbia
2026,Serbia
2028,Serbia
2029,Serbia
2027,Serbia
2025,Serbia
2024,Serbia
2023,Serbia
2022,Serbia
2021,Serbia
2020,Serbia
2017,Serbia
2018,Serbia
2019,Serbia
2015,Serbia
2016,Serbia
602,Serbia
5,Serbia
457,Serbia
6,Serbia
405,Serbia
1221,Serbia
2392,Tajikistan
1840,Syria
1018,Syria
381,Yugoslavia (former)
2484,Azawad
2486,Azawad
2485,Azawad
1542,Azawad
1365,Azawad
1366,Azawad
1367,Azawad
1568,Azawad
1571,Azawad
1572,Azawad
1426,Azawad
1575,Azawad
1576,Azawad
1574,Azawad
1573,Azawad
816,Azawad
813,Azawad
814,Azawad
808,Azawad
1263,Azawad
637,Azawad
206,Azawad
2240,Niger
2292,Niger
2317,Niger
2294,Niger
43,Russia
42,Russia
1604,Russia
1024,Russia
1957,Transdniestria
454,Transdniestria
732,Western Sahara
689,Western Sahara
698,Western Sahara
697,Western Sahara
700,Western Sahara
1301,Western Sahara
188,Western Sahara
340,Western Sahara
339,Western Sahara
118,Western Sahara
1247,Western Sahara
596,South Africa
285,South Africa
224,South Africa
1248,South Africa
1521,Air and Azawad
522,Air and Azawad
204,Air and Azawad
203,Air and Azawad
1958,Plateau State
1536,Plateau State
1901,Plateau State
1898,Plateau State
1897,Plateau State
1900,Southern Kaduna
2105,South Korea
2104,South Korea
1073,South Korea
541,South Korea
1231,South Korea
1232,South Korea
2106,United States of America
223,United States of America
1960,United States of America
735,Taliban
734,Taliban
1688,Taliban
1530,Taliban
1532,Taliban
1531,Taliban
2428,Bougainville
2426,Bougainville
2427,Bougainville
1902,Bougainville
312,Bougainville
528,Bougainville
586,Bougainville
225,Bougainville
386,Bougainville
438,Bougainville
572,Bougainville
418,Bougainville
571,Bougainville
444,Bougainville
370,Bougainville
314,Bougainville
557,Bougainville
499,Bougainville
437,Bougainville
1036,Bougainville
1037,Bougainville
315,Bougainville
561,Bougainville
560,Bougainville
447,Bougainville
313,Bougainville
316,Bougainville
607,Bougainville
326,Bougainville
468,Bougainville
232,Bougainville
639,Bougainville
588,Bougainville
570,Bougainville
1017,Bougainville
377,Bougainville
295,Bougainville
854,Cordillera
2492,Mindanao
2493,Mindanao
2494,Mindanao
2061,Mindanao
2129,Mindanao
2050,Mindanao
2059,Mindanao
2058,Mindanao
2057,Mindanao
2060,Mindanao
2054,Mindanao
1977,Mindanao
1975,Mindanao
1974,Mindanao
1353,Mindanao
1351,Mindanao
1352,Mindanao
1355,Mindanao
1350,Mindanao
1349,Mindanao
1348,Mindanao
881,Mindanao
1345,Mindanao
1346,Mindanao
1347,Mindanao
882,Mindanao
883,Mindanao
868,Mindanao
869,Mindanao
870,Mindanao
871,Mindanao
872,Mindanao
873,Mindanao
874,Mindanao
867,Mindanao
866,Mindanao
1015,Mindanao
1354,Mindanao
1005,Mindanao
1006,Mindanao
738,Mindanao
1004,Mindanao
1003,Mindanao
665,Mindanao
666,Mindanao
1002,Mindanao
1001,Mindanao
660,Mindanao
737,Mindanao
841,Mindanao
999,Mindanao
1000,Mindanao
998,Mindanao
1074,Mindanao
997,Mindanao
664,Mindanao
996,Mindanao
1972,Mindanao
995,Mindanao
992,Mindanao
994,Mindanao
980,Mindanao
979,Mindanao
993,Mindanao
991,Mindanao
663,Mindanao
977,Mindanao
975,Mindanao
662,Mindanao
974,Mindanao
973,Mindanao
972,Mindanao
661,Mindanao
971,Mindanao
191,Mindanao
401,Mindanao
190,Mindanao
970,Mindanao
402,Mindanao
396,Mindanao
269,Mindanao
282,Mindanao
968,Mindanao
967,Mindanao
966,Mindanao
274,Mindanao
965,Mindanao
964,Mindanao
963,Mindanao
962,Mindanao
961,Mindanao
959,Mindanao
659,Mindanao
958,Mindanao
957,Mindanao
658,Mindanao
955,Mindanao
956,Mindanao
954,Mindanao
539,Mindanao
529,Mindanao
530,Mindanao
657,Mindanao
953,Mindanao
189,Mindanao
656,Mindanao
655,Mindanao
527,Mindanao
952,Mindanao
390,Mindanao
951,Mindanao
298,Mindanao
654,Mindanao
950,Mindanao
297,Mindanao
403,Mindanao
949,Mindanao
400,Mindanao
242,Mindanao
948,Mindanao
244,Mindanao
946,Mindanao
947,Mindanao
945,Mindanao
406,Mindanao
944,Mindanao
479,Mindanao
187,Mindanao
545,Mindanao
640,Rebolusyonaryong Alyansang Makabansa (SFP-YOU) 
1052,Rebolusyonaryong Partido ng Manggagawa-Pilipineas (RPMP/RPA/ABB)
1051,Rebolusyonaryong Partido ng Manggagawa-Pilipineas (RPMP/RPA/ABB)
1285,Chechnya
481,Chechnya
532,Chechnya
1284,Chechnya
1286,Chechnya
434,Chechnya
533,Chechnya
227,Chechnya
511,Chechnya
513,Chechnya
1283,Chechnya
371,Chechnya
512,Chechnya
251,Chechnya
365,Chechnya
1282,Chechnya
302,Chechnya
288,Chechnya
1281,Chechnya
509,Chechnya
510,Chechnya
2273,Syria
2274,Syria
2169,Syria
2444,Ukraine
1048,Uganda
408,Yemen
535,Yemen
2380,Casamance
642,Casamance
1720,Casamance
1430,Yugoslavia (former)
1428,Yugoslavia (former)
1431,Yugoslavia (former)
1228,Yugoslavia (former)
1605,Puntland
1606,Puntland
799,Puntland
1680,Puntland
1681,Puntland
744,Puntland
1852,Puntland
1710,Puntland
877,Sudan
878,Sudan
856,Sudan
857,Sudan
858,Sudan
859,Sudan
860,Sudan
861,Sudan
862,Sudan
1076,Sudan
1077,Sudan
865,Sudan
1669,Sudan
1374,Sudan
1372,Sudan
1371,Sudan
1668,Sudan
752,Sudan
1800,Sudan
337,Sudan
270,Sudan
576,Sudan
574,Sudan
575,Sudan
1195,Sudan
362,Sudan
581,Sudan
498,Sudan
385,Sudan
275,Sudan
233,Sudan
461,Sudan
451,Sudan
2528,Sudan
453,Sudan
2536,Sudan
440,Sudan
913,Sudan
470,Sudan
1039,Sudan
550,Sudan
542,Sudan
485,Sudan
486,Sudan
918,Sudan
1021,Sudan
843,Sudan
1812,Sudan
1337,Sudan
850,Sudan
852,Sudan
750,Sudan
1667,Sudan
1671,Sudan
1666,Sudan
1673,Sudan
1665,Sudan
1672,Sudan
830,Sudan
573,Sudan
496,Sudan
583,Sudan
2531,Sudan
2522,Sudan
2521,Sudan
2523,Sudan
1033,Sudan
1439,Basque Country
1658,Basque Country
70,Basque Country
2414,Darfur
875,Darfur
876,Darfur
880,Darfur
855,Darfur
851,Darfur
749,Darfur
853,Darfur
751,Darfur
753,Darfur
754,Darfur
755,Darfur
748,Darfur
699,Darfur
1065,Darfur
350,Darfur
94,Darfur
90,Darfur
91,Darfur
92,Darfur
905,Darfur
647,Darfur
1718,Darfur
373,Eastern Sudan
2478,Southern Kordofan - Blue Nile - Abyei
1664,Southern Kordofan - Blue Nile - Abyei
235,Uganda
2344,Turkey
668,Central African Republic
349,Central African Republic
789,Central African Republic
1062,Democratic Republic of Congo
2454,Nagorno-Karabakh
2468,Nagorno-Karabakh
2396,Nagorno-Karabakh
2455,Nagorno-Karabakh
2324,Nagorno-Karabakh
2321,Nagorno-Karabakh
2322,Nagorno-Karabakh
1926,Nagorno-Karabakh
1687,Nagorno-Karabakh
1686,Nagorno-Karabakh
1684,Nagorno-Karabakh
1733,Nagorno-Karabakh
990,Nagorno-Karabakh
310,Nagorno-Karabakh
1732,Nagorno-Karabakh
1731,Nagorno-Karabakh
1730,Nagorno-Karabakh
1729,Nagorno-Karabakh
1728,Nagorno-Karabakh
1727,Nagorno-Karabakh
1726,Nagorno-Karabakh
1725,Nagorno-Karabakh
1724,Nagorno-Karabakh
1723,Nagorno-Karabakh
1722,Nagorno-Karabakh
1721,Nagorno-Karabakh
1683,Nagorno-Karabakh
1925,Russia
1685,Russia
823,Russia
611,Russia
133,Sudan
2074,North Korea
531,Kyrgyzstan
1811,Russia
1807,Russia
1808,Russia
1809,Russia
887,Guatemala
1229,Yugoslavia (former)
422,Yugoslavia (former)
675,African Great Lakes
2099,Somalia
1854,Ogaden
1853,Ogaden
1856,Ogaden
1855,Ogaden
1887,Russia
724,Ossetia
1780,Abkhazia
1781,Abkhazia
1779,Abkhazia
1778,Abkhazia
1777,Abkhazia
1776,Abkhazia
1775,Abkhazia
1774,Abkhazia
1785,Abkhazia
1773,Abkhazia
1794,Abkhazia
1795,Abkhazia
1803,Abkhazia
1704,Abkhazia
1784,Abkhazia
1783,Abkhazia
1782,Abkhazia
524,Abkhazia
1026,Abkhazia
10,Abkhazia
1698,Ossetia
1697,Ossetia
1696,Ossetia
1695,Ossetia
1694,Ossetia
1703,Ossetia
1031,Ossetia
1029,Ossetia
1707,Ossetia
1701,Ossetia
1700,Ossetia
1699,Ossetia
241,East Timor
2270,Northern Ireland
1801,Northern Ireland
1435,Northern Ireland
904,Northern Ireland
903,Northern Ireland
764,Northern Ireland
126,Northern Ireland
122,Northern Ireland
123,Northern Ireland
124,Northern Ireland
135,Northern Ireland
132,Northern Ireland
134,Northern Ireland
125,Northern Ireland
1267,Northern Ireland
1269,Northern Ireland
1270,Northern Ireland
1268,Northern Ireland
121,Northern Ireland
131,Northern Ireland
130,Northern Ireland
982,Northern Ireland
1266,Northern Ireland
556,Northern Ireland
1251,Northern Ireland
129,Northern Ireland
1260,Northern Ireland
1253,Northern Ireland
1250,Northern Ireland
136,Northern Ireland
1259,Northern Ireland
128,Northern Ireland
1258,Northern Ireland
1257,Northern Ireland
127,Northern Ireland
360,Palestine
594,Palestine
591,Palestine
222,Palestine
2389,Yugoslavia (former)
2418,Yugoslavia (former)
2032,Yugoslavia (former)
2031,Yugoslavia (former)
2030,Yugoslavia (former)
2026,Yugoslavia (former)
2028,Yugoslavia (former)
2029,Yugoslavia (former)
2027,Yugoslavia (former)
2025,Yugoslavia (former)
2024,Yugoslavia (former)
2023,Yugoslavia (former)
2022,Yugoslavia (former)
2021,Yugoslavia (former)
2020,Yugoslavia (former)
2017,Yugoslavia (former)
2018,Yugoslavia (former)
2019,Yugoslavia (former)
2015,Yugoslavia (former)
2016,Yugoslavia (former)
602,Yugoslavia (former)
5,Yugoslavia (former)
457,Yugoslavia (former)
6,Yugoslavia (former)
405,Yugoslavia (former)
1221,Yugoslavia (former)
43,Transdniestria
42,Transdniestria
1604,Transdniestria
1024,Transdniestria
2273,Turkey
2274,Turkey
2169,Turkey
1430,Presevo Valley
1428,Presevo Valley
1431,Presevo Valley
843,Darfur
1812,Darfur
1337,Southern Kordofan - Blue Nile - Abyei
850,Southern Kordofan - Blue Nile - Abyei
852,Southern Kordofan - Blue Nile - Abyei
750,Southern Kordofan - Blue Nile - Abyei
1667,Southern Kordofan - Blue Nile - Abyei
1671,Southern Kordofan - Blue Nile - Abyei
1666,Southern Kordofan - Blue Nile - Abyei
1673,Southern Kordofan - Blue Nile - Abyei
1665,Southern Kordofan - Blue Nile - Abyei
1672,Southern Kordofan - Blue Nile - Abyei
830,Southern Kordofan - Blue Nile - Abyei
573,Southern Kordofan - Blue Nile - Abyei
496,Southern Kordofan - Blue Nile - Abyei
583,Southern Kordofan - Blue Nile - Abyei
2531,Southern Kordofan - Blue Nile - Abyei
2522,Southern Kordofan - Blue Nile - Abyei
2521,Southern Kordofan - Blue Nile - Abyei
2523,Southern Kordofan - Blue Nile - Abyei
1033,Southern Kordofan - Blue Nile - Abyei
1718,Southern Kordofan - Blue Nile - Abyei
2344,United States of America
668,Democratic Republic of Congo
349,Democratic Republic of Congo
789,Democratic Republic of Congo
1062,Kenya
1925,Nagorno-Karabakh
1685,Nagorno-Karabakh
823,Nagorno-Karabakh
611,Nagorno-Karabakh
133,Darfur
2074,Russia
531,Russia
887,Honduras
2099,Ogaden
1854,Puntland
1853,Puntland
1856,Puntland
1855,Puntland
1887,United Kingdom
668,Kenya
349,Kenya
789,Republic of Congo
1062,Republic of Congo
2074,South Korea
531,Tajikistan
887,Nicaragua
1887,United States of America
668,Republic of Congo
349,Republic of Congo
789,Rwanda
1062,Rwanda
2074,United States of America
668,Rwanda
349,Rwanda
789,South Africa
1062,Sudan
668,Sudan
349,Sudan
789,South Sudan
1062,Tanzania
668,Tanzania
349,Tanzania
789,Tanzania
1062,Uganda
668,Uganda
349,Uganda
789,Uganda
1062,Zambia
668,Zambia
349,Zambia
789,Zambia
1062,African Great Lakes
668,African Great Lakes
349,African Great Lakes
789,African Great Lakes
